/svg/BackgroundBlue.svg+BackgroundBlue.png
/svg/BackgroundBrown.svg+BackgroundBrown.png
/svg/BackgroundGreen.svg+BackgroundGreen.png
/svg/BackgroundGrey.svg+BackgroundGrey.png
/svg/CoilyBackMove.svg+CoilyBackMove.png
/svg/CoilyBackStand.svg+CoilyBackStand.png
/svg/CoilyFrontMove.svg+CoilyFrontMove.png
/svg/CoilyFrontStand.svg+CoilyFrontStand.png
/svg/GreenBallMove.svg+GreenBallMove.png
/svg/GreenBallStand.svg+GreenBallStand.png
/svg/PurpleBallMove.svg+PurpleBallMove.png
/svg/PurpleBallStand.svg+PurpleBallStand.png
/svg/QbertBackMove.svg+QbertBackMove.png
/svg/QbertBackStand.svg+QbertBackStand.png
/svg/QbertFrontMove.svg+QbertFrontMove.png
/svg/QbertFrontStand.svg+QbertFrontStand.png
/svg/QbertDead.svg+QbertDead.png
/svg/QbertOnDisk.svg+QbertOnDisk.png
/svg/RedBallMove.svg+RedBallMove.png
/svg/RedBallStand.svg+RedBallStand.png
/svg/TileBeige.svg+TileBeige.png
/svg/TileBlue.svg+TileBlue.png
/svg/TileGreen.svg+TileGreen.png
/svg/TileGrey.svg+TileGrey.png
/svg/TilePink.svg+TilePink.png
/svg/TileYellow.svg+TileYellow.png
/svg/Disk1.svg+Disk1.png
/svg/Disk2.svg+Disk2.png
/svg/Disk3.svg+Disk3.png
/svg/Disk4.svg+Disk4.png
/svg/SamMove.svg+SamMove.png
/svg/SamStand.svg+SamStand.png
/svg/SlickMove.svg+SlickMove.png
/svg/SlickStand.svg+SlickStand.png
/svg/WrongWayMove.svg+WrongWayMove.png
/svg/WrongWayStand.svg+WrongWayStand.png
/svg/UggMove.svg+UggMove.png
/svg/UggStand.svg+UggStand.png